{"_wandb":{"runtime":861},"_timestamp":1.7316719465800571e+09,"_runtime":860.665093418,"_step":99,"bce_loss":5353.779885883779,"kl_loss":52.45417032058813,"loss":5406.234046008795}