{"_step":2,"Number of UNET Parameters (k)":1486.352,"Total Number of Model Parameters (k)":2946.577,"_wandb":{"runtime":8},"Number of VQVAE Parameters (k)":1460.225,"_timestamp":1.7315929063814952e+09,"_runtime":2.6521241079999998}