{"_wandb":{"runtime":7},"_timestamp":1.7316724683556685e+09,"_runtime":7.86068824,"_step":1,"Number of Parameters":1.157776,"figure":{"size":22813,"path":"media/images/figure_1_248b43630eebb2054bfc.png","format":"png","width":1000,"height":1000,"_type":"image-file","sha256":"248b43630eebb2054bfcae8acfeed95c7794ec9da708acea0baa8d4c9633bc12"}}