{"Number of UNET Parameters (k)":711.452,"Total Number of Model Parameters (k)":1397.533,"_wandb":{"runtime":2},"Number of VQVAE Parameters (k)":686.081,"_timestamp":1.731592487592462e+09,"_runtime":2.6350616540000003,"_step":2}