{"_wandb":{"runtime":890},"_step":99,"mse_loss":0.06727998782751529,"kl_loss":1.1104383448293723e-07,"loss":0.06728009887134978,"_timestamp":1.7316665496555636e+09,"_runtime":890.223741887}