{"figure":{"height":1000,"_type":"image-file","sha256":"9e405de8a246895885e3e698e090f4057644e214200dd3b384dc86c52c7a81ed","size":19910,"path":"media/images/figure_1_9e405de8a246895885e3.png","format":"png","width":1000},"_wandb":{"runtime":6},"Number of Parameters":0.488888,"_timestamp":1.7316719678861258e+09,"_runtime":6.597841746,"_step":1}