{"_step":29,"bce_loss":5714.9315313083025,"kl_loss":81.16452022300346,"loss":5796.0960542398225,"_timestamp":1.7316724403751829e+09,"_wandb":{"runtime":264},"_runtime":264.116859065}