{"Total Number of Model Parameters (k)":2946.577,"_wandb":{"runtime":7},"Number of VQVAE Parameters (k)":1460.225,"_timestamp":1.731593624384748e+09,"_runtime":2.6286431759999997,"_step":2,"Number of UNET Parameters (k)":1486.352}